{
  "collapse-filter": true,
  "search": "",
  "showTags": false,
  "showAttachments": true,
  "hideUnresolved": false,
  "showOrphans": true,
  "collapse-color-groups": true,
  "colorGroups": [],
  "collapse-display": true,
  "showArrow": false,
  "textFadeMultiplier": 0,
  "nodeSizeMultiplier": 2.51509971509972,
  "lineSizeMultiplier": 2.51509971509972,
  "collapse-forces": true,
  "centerStrength": 0.504743303571429,
  "repelStrength": 10.2734375,
  "linkStrength": 0.50569993622449,
  "linkDistance": 269,
  "scale": 0.8417075347794716,
  "close": false
}